{
  "allele": "HLA-A*01:01",
  "suffix": "nodiv",
  "total_peptides": 50,
  "score_stats": {
    "mean": -0.6502204923270023,
    "median": -0.6734794993367645,
    "max": -0.3820170425748684,
    "min": -0.7993405494535817,
    "std": 0.1047832383324401
  },
  "diversity_stats": {
    "count": 50,
    "avg_pairwise_edit_distance": 6.142857142857143,
    "min_pairwise_edit_distance": 2,
    "max_pairwise_edit_distance": 9,
    "avg_pairwise_hamming": 6.054635761589404,
    "unique_3mers": 273,
    "length_distribution": {
      "9": 27,
      "10": 23
    }
  },
  "motifs": {
    "P2": {
      "T": 0.62,
      "S": 0.36,
      "A": 0.02
    },
    "P-1(C-term)": {
      "Y": 1.0
    }
  },
  "source_distribution": {
    "AR+SHAP": 50
  }
}