{
  "allele": "HLA-A*02:01",
  "suffix": "div",
  "total_peptides": 50,
  "score_stats": {
    "mean": -0.7628705603312066,
    "median": -0.5237464668115644,
    "max": -0.19865708695442263,
    "min": -3.6231986197525,
    "std": 0.8366465122003743
  },
  "diversity_stats": {
    "count": 50,
    "avg_pairwise_edit_distance": 7.755102040816326,
    "min_pairwise_edit_distance": 6,
    "max_pairwise_edit_distance": 11,
    "avg_pairwise_hamming": 7.537142857142857,
    "unique_3mers": 343,
    "length_distribution": {
      "9": 20,
      "10": 15,
      "11": 10,
      "8": 5
    }
  },
  "motifs": {
    "P2": {
      "L": 0.78,
      "M": 0.16,
      "Q": 0.04,
      "I": 0.02
    },
    "P-1(C-term)": {
      "V": 0.64,
      "L": 0.24,
      "A": 0.08,
      "I": 0.04
    }
  },
  "source_distribution": {
    "AR": 45,
    "AR": 5
  }
}