{
  "allele": "HLA-C*04:01",
  "suffix": "nodiv",
  "total_peptides": 50,
  "score_stats": {
    "mean": -1.6090112927994236,
    "median": -1.602493405120876,
    "max": -1.2435341018320618,
    "min": -1.7721749608246142,
    "std": 0.12129664689833156
  },
  "diversity_stats": {
    "count": 50,
    "avg_pairwise_edit_distance": 5.897142857142857,
    "min_pairwise_edit_distance": 2,
    "max_pairwise_edit_distance": 9,
    "avg_pairwise_hamming": 5.944277108433735,
    "unique_3mers": 243,
    "length_distribution": {
      "9": 35,
      "10": 3,
      "8": 12
    }
  },
  "motifs": {
    "P2": {
      "F": 0.8,
      "Y": 0.18,
      "W": 0.02
    },
    "P-1(C-term)": {
      "L": 0.54,
      "F": 0.36,
      "M": 0.08,
      "I": 0.02
    }
  },
  "source_distribution": {
    "AR+SHAP": 50
  }
}