{
  "allele": "HLA-A*01:01",
  "suffix": "nodiv",
  "total_peptides": 50,
  "score_stats": {
    "mean": -0.5925454584904974,
    "median": -0.6169547267438902,
    "max": -0.38560627359831223,
    "min": -0.7458551951737289,
    "std": 0.10026420466312096
  },
  "diversity_stats": {
    "count": 50,
    "avg_pairwise_edit_distance": 6.179591836734694,
    "min_pairwise_edit_distance": 3,
    "max_pairwise_edit_distance": 9,
    "avg_pairwise_hamming": 5.983695652173913,
    "unique_3mers": 270,
    "length_distribution": {
      "9": 28,
      "10": 19,
      "11": 3
    }
  },
  "motifs": {
    "P2": {
      "T": 0.64,
      "S": 0.36
    },
    "P-1(C-term)": {
      "Y": 1.0
    }
  },
  "source_distribution": {
    "AR+SHAP": 50
  }
}