{
  "allele": "HLA-A*03:01",
  "suffix": "nodiv",
  "total_peptides": 50,
  "score_stats": {
    "mean": -0.6205130041845055,
    "median": -0.6288968658088783,
    "max": -0.37474834601010387,
    "min": -0.7371926427047373,
    "std": 0.08416734842757345
  },
  "diversity_stats": {
    "count": 50,
    "avg_pairwise_edit_distance": 7.049795918367347,
    "min_pairwise_edit_distance": 3,
    "max_pairwise_edit_distance": 10,
    "avg_pairwise_hamming": 7.165615141955836,
    "unique_3mers": 310,
    "length_distribution": {
      "9": 15,
      "10": 33,
      "11": 2
    }
  },
  "motifs": {
    "P2": {
      "L": 0.52,
      "M": 0.3,
      "T": 0.12,
      "V": 0.04,
      "I": 0.02
    },
    "P-1(C-term)": {
      "K": 1.0
    }
  },
  "source_distribution": {
    "AR+SHAP": 50
  }
}