{
  "allele": "HLA-B*08:01",
  "suffix": "div",
  "total_peptides": 50,
  "score_stats": {
    "mean": -1.5716587965464845,
    "median": -1.7082014141598576,
    "max": -0.31175386105575426,
    "min": -2.624271779929733,
    "std": 0.7253427046315601
  },
  "diversity_stats": {
    "count": 50,
    "avg_pairwise_edit_distance": 7.813877551020409,
    "min_pairwise_edit_distance": 6,
    "max_pairwise_edit_distance": 11,
    "avg_pairwise_hamming": 7.594285714285714,
    "unique_3mers": 349,
    "length_distribution": {
      "9": 20,
      "10": 15,
      "11": 10,
      "8": 5
    }
  },
  "motifs": {
    "P2": {
      "L": 0.42,
      "M": 0.18,
      "P": 0.18,
      "A": 0.12,
      "I": 0.06,
      "Q": 0.02,
      "S": 0.02
    },
    "P-1(C-term)": {
      "L": 0.84,
      "M": 0.08,
      "V": 0.04,
      "I": 0.02,
      "A": 0.02
    }
  },
  "source_distribution": {
    "AR": 26,
    "AR": 24
  }
}