{
  "allele": "HLA-A*24:02",
  "suffix": "div",
  "total_peptides": 50,
  "score_stats": {
    "mean": -0.9891316497574252,
    "median": -0.729164033860392,
    "max": -0.27184160653649897,
    "min": -3.5499248525763485,
    "std": 0.8104100456711218
  },
  "diversity_stats": {
    "count": 50,
    "avg_pairwise_edit_distance": 7.571428571428571,
    "min_pairwise_edit_distance": 6,
    "max_pairwise_edit_distance": 10,
    "avg_pairwise_hamming": 7.274285714285714,
    "unique_3mers": 339,
    "length_distribution": {
      "9": 20,
      "10": 15,
      "11": 10,
      "8": 5
    }
  },
  "motifs": {
    "P2": {
      "Y": 0.9,
      "F": 0.06,
      "W": 0.02,
      "L": 0.02
    },
    "P-1(C-term)": {
      "F": 0.76,
      "I": 0.12,
      "L": 0.1,
      "W": 0.02
    }
  },
  "source_distribution": {
    "AR+SHAP": 45,
    "AR": 5
  }
}