{
  "allele": "HLA-A*24:02",
  "suffix": "nodiv",
  "total_peptides": 50,
  "score_stats": {
    "mean": -0.5019566985100913,
    "median": -0.5198279937757188,
    "max": -0.3364597338485295,
    "min": -0.5910646070264992,
    "std": 0.06788041614324715
  },
  "diversity_stats": {
    "count": 50,
    "avg_pairwise_edit_distance": 6.8375510204081635,
    "min_pairwise_edit_distance": 2,
    "max_pairwise_edit_distance": 10,
    "avg_pairwise_hamming": 6.851301115241636,
    "unique_3mers": 306,
    "length_distribution": {
      "9": 21,
      "10": 26,
      "11": 3
    }
  },
  "motifs": {
    "P2": {
      "Y": 1.0
    },
    "P-1(C-term)": {
      "F": 0.9,
      "I": 0.06,
      "L": 0.02,
      "W": 0.02
    }
  },
  "source_distribution": {
    "AR+SHAP": 50
  }
}