{
  "allele": "HLA-B*51:01",
  "suffix": "div",
  "total_peptides": 50,
  "score_stats": {
    "mean": -2.0144041992533865,
    "median": -1.953714011371625,
    "max": -1.1562461903973444,
    "min": -3.1187804132451467,
    "std": 0.4970248788937955
  },
  "diversity_stats": {
    "count": 50,
    "avg_pairwise_edit_distance": 7.807346938775511,
    "min_pairwise_edit_distance": 6,
    "max_pairwise_edit_distance": 11,
    "avg_pairwise_hamming": 7.491428571428571,
    "unique_3mers": 326,
    "length_distribution": {
      "9": 20,
      "10": 15,
      "11": 10,
      "8": 5
    }
  },
  "motifs": {
    "P2": {
      "P": 0.84,
      "A": 0.14,
      "G": 0.02
    },
    "P-1(C-term)": {
      "I": 0.58,
      "V": 0.42
    }
  },
  "source_distribution": {
    "AR+SHAP": 44,
    "AR": 6
  }
}