dataset,predictor,n_samples_total,n_samples_predicted,n_samples_valid,binding_threshold_nM,r2,r2_log,rmse,mae,pearson_r,spearman_r,accuracy,precision,recall,f1,runtime_minutes
mhc_class1,NetMHCpan 4.2,10000,9993,10000,500.0,-0.02007257231631354,-0.30758268929811083,10070.039085025777,4509.58905899264,0.5918888971281757,0.5482036961525437,0.7209,0.9830752610731005,0.6693637366678926,0.7964408139450077,2.342828126748403
