{
  "allele": "HLA-A*02:01",
  "suffix": "div",
  "total_peptides": 50,
  "score_stats": {
    "mean": -0.7197604969724318,
    "median": -0.4857005539635698,
    "max": -0.1553360374650618,
    "min": -3.7140597089617295,
    "std": 0.785353077516301
  },
  "diversity_stats": {
    "count": 50,
    "avg_pairwise_edit_distance": 7.777959183673469,
    "min_pairwise_edit_distance": 6,
    "max_pairwise_edit_distance": 11,
    "avg_pairwise_hamming": 7.574285714285714,
    "unique_3mers": 331,
    "length_distribution": {
      "9": 20,
      "10": 15,
      "11": 10,
      "8": 5
    }
  },
  "motifs": {
    "P2": {
      "L": 0.78,
      "M": 0.18,
      "I": 0.02,
      "A": 0.02
    },
    "P-1(C-term)": {
      "V": 0.68,
      "L": 0.24,
      "I": 0.04,
      "A": 0.04
    }
  },
  "source_distribution": {
    "AR+SHAP": 45,
    "AR": 5
  }
}